manufacturer,model,serial number
American Diagnostic,CE 1434,22192114
American Diagnostic,CE 1434,22192189
American Diagnostic,CE 1434,C241870143
American Diagnostic,CE 1434,C241870093
American Diagnostic,CE 1434,C241843867
American Diagnostic,CE 1434,C241843922
American Diagnostic,CE 1434,C241843881
American Diagnostic,CE 1434,C241843806
BIOSONIC,UC95,130402317
BIOSONIC,UC95D15,131100008
BIOSONIC,UC95D15,131100002
Cogentix Medical,CST-4000,CS1704F
Cogentix Medical,CST-4000,CS1705F
Cogentix Medical,CST-5000,CS0709N
Cogentix Medical,CST-5000,CS0715N
Covidien,RAPIDVAC,VL012301X
Covidien,RAPIDVAC,VL012165X
Covidien,RAPIDVAC,VL012164X
Edan Instruments,F9EXPRESS,560039-M11330014
Edan Instruments,F9EXPRESS,560039-M21C11330002
Edan Instruments,F9EXPRESS,560039-M23909480002
Edan Instruments,F9EXPRESS,M19804740024
Edan Instruments,F9EXPRESS,M19804740020
Edan Instruments,F9EXPRESS,M19804740011
Edan Instruments,F9EXPRESS,M19804740025
Edan Instruments,F9EXPRESS,M19804740005
Edan Instruments,F9EXPRESS,M19804740015
Edan Instruments,F9EXPRESS,M19804740016
Edan Instruments,F9EXPRESS,M1980570002
Edan Instruments,F9EXPRESS,M19804740001
Edan Instruments,F9EXPRESS,M19804740013
Edan Instruments,F9EXPRESS,M19804740022
Edan Instruments,IM3,261436-M21508650086
Edan Instruments,IM3,261436-M21508650088
Edan Instruments,IM3,261436-M21508650067
Edan Instruments,IM3,262654-M24705640065
Edan Instruments,IM3,262654-M24903790011
Edan Instruments,IM3,262654-M24903790001
Edan Instruments,IM3,262096-M20706520060
Edan Instruments,IM3,261436-M20903720061
Edan Instruments,IM3,261436-M20903720005
Edan Instruments,SE1200EXPRESS,M23116470007
Edan Instruments,SE1200EXPRESS,460016-M23116470013
Edan Instruments,SE1200EXPRESS,460016-M12900650018
Edan Instruments,SE1200EXPRESS,460016-M23801490029
Edan Instruments,SE1200EXPRESS,460016-M23801490022
Edan Instruments,SE1200EXPRESS,460016-M23801490034
Edan Instruments,SE1200EXPRESS,460016-M23801490035
Edan Instruments,SE1200EXPRESS,(21)460016-M18706470008
Edan Instruments,SE1200EXPRESS,460016-K24700210010
Edan Instruments,SE1200EXPRESS,460016-M246096330015
Edan Instruments,SE1200EXPRESS,311094-M16611040004
Edan Instruments,SE1200EXPRESS,M14B08690005
Edan Instruments,SE1200EXPRESS,M24A2930014
Edan Instruments,SE1200EXPRESS,M24A02930002
Edan Instruments,SE1200EXPRESS,M24A02930001
Edan Instruments,ELITEV5,M19805320027
Edan Instruments,ELITEV5,M19701080008
Edan Instruments,ELITEV5,M17902120005
Edan Instruments,ELITEV5,M17902120008
Edan Instruments,ELITEV5,M19701080003
Edan Instruments,ELITEV5,M17902120007
Edan Instruments,ELITEV5,M19701080007
Edan Instruments,ELITEV5,M19507110013
Edan Instruments,ELITEV5,M19507110011
Edan Instruments,ELITEV5,M19701080019
Edan Instruments,ELITEV5,M19805320022
Edan Instruments,ELITEV5,M19702060009
Edan Instruments,ELITEV5,M19805320040
Edan Instruments,ELITEV5,M19805320023
Edan Instruments,ELITEV5,M19805320016
Edan Instruments,ELITEV5,M19805320048
Edan Instruments,ELITEV5,M19805320020
Edan Instruments,ELITEV5,M19805320038
Edan Instruments,ELITEV5,M19805320045
Edan Instruments,ELITEV5,M19805320009
Edan Instruments,ELITEV5,M19805320026
Edan Instruments,IM50,M14104900003
Edan Instruments,IM50,3331333-M14900008
Edan Instruments,IM50,3331333-M14104900002
Edan Instruments,IM50,3331333-M14104900009
Edan Instruments,IM50,M17602270005
Edan Instruments,IM50,M17602270003
Edan Instruments,IM50,M19110560012
Edan Instruments,IM50,M19100850023
Edan Instruments,IM50,M19100850015
Edan Instruments,IM50,M19100850029
Edan Instruments,IM50,M19100850033
Edan Instruments,IM50,M17101610022
Edan Instruments,IM50,M17101610039
Edan Instruments,IM50,M16701760030
Edan Instruments,IM50,M17101610030
Edan Instruments,IM50,M16701760034
Edan Instruments,IM50,M16701760010
Edan Instruments,IM50,M19100850017
Edan Instruments,IM50,M17A03210041
Edan Instruments,IM50,M19100580024
Edan Instruments,IM50,M18709800015
Edan Instruments,IM50,M19100850001
Edan Instruments,IM70,260066-M20320530023
Edan Instruments,IM70,260066-M20320530024
Edan Instruments,IM70,260066-M20320530007
Edan Instruments,IM70,260066-M20320530030
Edan Instruments,IM70,260066-M16901980001
Edan Instruments,IM70,M16603730016
Edan Instruments,IM70,M18414780039
Edan Instruments,IM70,M18414780018
Edan Instruments,IM70,M19805530018
Edan Instruments,IM70,M19805530004
Edan Instruments,IM70,M19805530017
Edan Instruments,IM70,M19805530014
Edan Instruments,IM70,M19805530019
Edan Instruments,IM70,M19805530008
Edan Instruments,IM70,M18414780026
Edan Instruments,IM70,M19805530010
Edan Instruments,IM70,M18414780044
Edan Instruments,IM70,M19805530016
Edan Instruments,IM70,M18414780027
Edan Instruments,IM70,M19805530003
Edan Instruments,IM70,M19805530011
Edan Instruments,IM70,M19805530006
Edan Instruments,IM70,M19805530005
Edan Instruments,IM70,M19805530007
Edan Instruments,IM70,M18414780031
Edan Instruments,IM70,M19805530001
Edan Instruments,IM70,M18414780047
Edan Instruments,IM70,M18414780019
Edan Instruments,IM70,M19805530013
Edan Instruments,IM70,M19805530002
Edan Instruments,IM70,M16600900014
Edan Instruments,iT20,M21203860030
Edan Instruments,iT20,M19413150003
Edan Instruments,iT20,M19413130058
Edan Instruments,iT20,M19413150044
Edan Instruments,iT20,M21203860028
Edan Instruments,iT20,M24402010037
Edan Instruments,iT20,M24402010035
Edan Instruments,iT20,M24402010034
Edan Instruments,iT20,M24408380006
Edan Instruments,iT20,M24408380010
Edan Instruments,iT20,M24408380009
Edan Instruments,iT20,M24408380008
Edan Instruments,iT20,M24408380007
Edan Instruments,iT20,M24408380001
Edan Instruments,iT20,M24408380003
Edan Instruments,iT20,M24408380004
Edan Instruments,iT20,M22411170006
Edan Instruments,iT20,M22411170008
Edan Instruments,iT20,M19413150007
Edan Instruments,iT20,M24A15750012
Edan Instruments,iT20,M24A15750016
Edan Instruments,iT20,M2415750004
Edan Instruments,iT20,M24A15750002
Edan Instruments,iT20,M24A15750003
Edan Instruments,iT20,M24A15750001
Edan Instruments,iT20,M24A15750018
Edan Instruments,iT20,M24A15750019
Edan Instruments,iT20,M24A15750011
Edan Instruments,iT20,M24A15750010
Edan Instruments,iT20,M24A15750009
Edan Instruments,iT20,M19413130016
Edan Instruments,iT20,M19413130058
Edan Instruments,iT20,M2012320037
Edan Instruments,iT20,M19413130060
Edan Instruments,iT20,M19413130011
Edan Instruments,iT20,M19413130027
Edan Instruments,iT20,M19413130015
Edan Instruments,iT20,M20403290003
Edan Instruments,iT20,M19706920013
Edan Instruments,iT20,M19413130013
Edan Instruments,iT20,M18909080003
Edan Instruments,iT20,M23910480001
Edan Instruments,iT20,M20403290001
Edan Instruments,iT20,M24408380002
Edan Instruments,iT20,M24408380005
Edan Instruments,iT20,M19413130052
Exergen,TAT5000,A1539272
Exergen,TAT5000,A1539493
Exergen,TAT5000,A1539059
Exergen,TAT5000,A1539490
Exergen,TAT5000,A1539270
Exergen,TAT5000,A1539277
Hillrom,CENTURY,02R2981999
Hillrom,CENTURYP1400,10L9791999
Hillrom,CENTURYP1400,10L7601999
Hillrom,CENTURYP1400,10L2981999
Hillrom,CENTURYP1400,10L2591999
Hillrom,CENTURY,12M1281998
Hillrom,CENTURY,02R3141999
Hillrom,CENTURYP1400,10L7571999
Hillrom,CENTURY,12M0591998
Hillrom,CENTURYP1400,10L7531999
Hillrom,PCENTURYK3256,12M0551998
Hillrom,PCENTURYK3256,02R3391999
Hillrom,CENTURY,02R3241999
Hillrom,CENTURY,12M0561998
Hillrom,CENTURYP1400,10L7541999
Hillrom,CENTURY,02R3631999
Hillrom,CENTURY,12M1101998
Hillrom,CENTURY,10L9201999
Hillrom,P3200,M154AD1453
Hillrom,P3200,M140AD0664
Hillrom,P3200,J140AD7241
Hillrom,P3200,J309AD1600
Hillrom,P3200,J140AD7236
Hillrom,P3200,J140AD7193
Hillrom,P3200,J134AT6928
Hillrom,P3200,J127AD6526
Hospira,PLUMA+,17432148
Hospira,PLUMA+,17434560
Hospira,PLUMA+,17441256
Hospira,PLUMA+,17434159
Hospira,PLUMA+,17433989
Hospira,PLUMA+,17434093
Hospira,PLUMA+,17434354
Hospira,PLUMA+,17441237
Hospira,PLUMA+,17434074
Hospira,PLUMA+,17434027
Hospira,PLUMA+,17441209
Hospira,PLUMA+,17434472
Hospira,PLUMA+,17434162
Hospira,PLUMA+,17434475
Hospira,PLUMA+,17434779
Hospira,PLUMA+,17434141
Hospira,PLUMA+,17434321
Hospira,PLUMA+,17434383
Hospira,PLUMA+,1744041
Hospira,PLUMA+,17434024
Hospira,PLUMA+,17434118
Hospira,PLUMA+,17440578
Hospira,PLUMA+,17440768
Hospira,PLUMA+,17434139
Hospira,PLUMA+,17433973
Hospira,PLUMA+,17434426
Hospira,PLUMA+,17434019
Hospira,PLUMA+,17433363
Hospira,PLUMA+,17434142
Hospira,PLUMA+,17434703
Hospira,PLUMA+,17434212
Hospira,PLUMA+,17434094
Hospira,PLUMA+,17433443
Hospira,PLUMA+,17434341
Hospira,PLUMA+,17441087
Hospira,PLUMA+,17440640
Hospira,PLUMA+,17434396
Hospira,PLUMA+,17434332
Hospira,PLUMA+,17434726
Hospira,PLUMA+,17434435
Hospira,PLUMA+,17434513
Hospira,PLUMA+,17434161
Hospira,PLUMA+,17434177
Hospira,PLUMA+,17434000
Hospira,PLUMA+,17431765
Hospira,PLUMA+,17434512
Hospira,PLUMA+,17433246
Hospira,PLUMA+,17434039
Hospira,PLUMA+,17432437
Hospira,PLUMA+,17434735
Hospira,PLUMA+,17434064
Hospira,PLUMA+,17441258
Hospira,PLUMA+,17441252
Hospira,PLUMA+,17441249
Hospira,PLUMA+,17441084
Hospira,PLUMA+,17480601
Hospira,PLUMA+,17434454
Hospira,PLUMA+,17451880
Jiangmen Dacheng Medical Equipment Co.,IOB-507,WU20240630EN
Jiangmen Dacheng Medical Equipment Co.,IOB-507,WU202406267EN
Jiangmen Dacheng Medical Equipment Co.,IOB-507,WU202406209EN
Jiangmen Dacheng Medical Equipment Co.,IOB-507,WU202406190EN
Jiangmen Dacheng Medical Equipment Co.,IOB-507,WU202406189EN
Jiangmen Dacheng Medical Equipment Co.,IOB-507,WU202108144EN
Jiangmen Dacheng Medical Equipment Co.,IOB-507,WU202108189EN
Jiangmen Dacheng Medical Equipment Co.,IOB-507,WU202108193EN
Jiangmen Dacheng Medical Equipment Co.,IOB-507,WU202406183EN
Jiangmen Dacheng Medical Equipment Co.,IOB-507,WU202108205EN
Jiangmen Dacheng Medical Equipment Co.,IOB-507,WU202406249EN
Jiangmen Dacheng Medical Equipment Co.,IOB-507,WU202406266EN
Jiangmen Dacheng Medical Equipment Co.,IOB-507,WU202406252EN
Jiangmen Dacheng Medical Equipment Co.,IOB-507,WU202406237EN
Jiangmen Dacheng Medical Equipment Co.,IOB-507,WU202406187EN
Jiangmen Dacheng Medical Equipment Co.,IOB-507,WU202406188EN
Jiangmen Dacheng Medical Equipment Co.,IOB-507,WU202108208EN
LAB CORP.,642E,241013LB348
LAB CORP.,642E,241013LB328
LINET,ELEGANZA 3,20210147025
LINET,ELEGANZA 3,20200275616
LINET,ELEGANZA 3,20210147077
LINET,ELEGANZA 3,20210149187
LINET,ELEGANZA 3,20210101683
LINET,ELEGANZA 3,20210101685
LINET,ELEGANZA 3,20210147060
LINET,ELEGANZA 3,20210147032
LINET,ELEGANZA 4,20240217185
LINET,ELEGANZA 4,20240217163
LINET,ELEGANZA 4,20240217171
LINET,ELEGANZA 4,20240217177
LINET,ELEGANZA 4,20240219124
LINET,ELEGANZA 4,20240211343
LINET,ELEGANZA 4,20240211435
LINET,ELEGANZA 4,20240315321
Masimo,RAD8,M192824
Masimo,RAD8,M192444
Masimo,RAD8,M192465
Masimo,RAD8,M192344
Mindray,BENEVISION N15,FS-28042613
Mindray,BENEVISION N15,FS-28042614
Mindray,BENEVISION N15,FS-28042615
Mindray,BENEVISION N15,F5-28042623
Mindray,BENEVISION N15,FS-28042602
Mindray,BENEVISION N15,FS-28042236
Mindray,BENEVISION N15,F5-11025372
Mindray,EPM12MA,AH9-3C001824
Mindray,EPM12MA,AH9-3C001806
Mindray,EPM12MA,AH9-3A001717
Mindray,EPM12MA,AH9-3A001716
Mindray,EPM12MA,AH9-3A001721
Mindray,EPM12MA,AH9-3C001812
Mindray,EPM12MA,AH9-3A001718
Mindray,EPM12MA,AH9-3C001805
Mindray,EPM12MA,AH9-34001722
Mindray,EPM12MA,AH9-3C001789
Mindray,EPM12MA,AH9-3C001781
Mindray,EPM12MA,AH9-3C001814
Mindray,EPM12MA,AH9-3C001780
Mindray,EPM12MA,AH9-27000897
Mindray,EPM12MA,AH9-26000857
Mindray,EPM12MA,AH9-26000861
Mindray,EPM12MA,AH9-26000860
Mindray,EPM12MA,AH9-26000859
Olympus,CV190,7500545
Olympus,CV190,7500311
Olympus,CV190,7500445
Olympus,CV190,75500364
Olympus,CV190,7500389
Olympus,CV190,7500566
Philips,INTELLIVUE MP20,DE72870252
Philips,INTELLIVUE MP20,DE62229313
Philips,INTELLIVUE MP20,DE54011343
Philips,INTELLIVUE MP20,DE72832824
Philips,INTELLIVUE MP20,DE72870263
Philips,INTELLIVUE MP20,DE72856013
Philips,INTELLIVUE MP20,DE54011333
Philips,INTELLIVUE MP20,DE54011319
Philips,INTELLIVUE MP20,DE54011330
Philips,INTELLIVUE MP20,DE62223081
Philips,INTELLIVUE MP20,DE62229345
Philips,INTELLIVUE MP20,DE72856005
Philips,INTELLIVUE MP30,DE728A5916
Philips,INTELLIVUE MP50,DE82001700
Philips,INTELLIVUE MP50,DE82061694
Philips,INTELLIVUE MP50,DE82061728
Philips,INTELLIVUE MP50,DE82061726
Philips,INTELLIVUE MP50,DE82061785
Philips,INTELLIVUE MP50,DE82061747
Philips,INTELLIVUE MP50,DE82099472
Philips,INTELLIVUE MP50,DE82061749
Philips,INTELLIVUE MP50,DE82061730
Philips,INTELLIVUE MP50,DE82061733
Philips,INTELLIVUE MP50,DE82061720
Philips,INTELLIVUE MP50,82061692
Philips,INTELLIVUE MP50,DE82061717
Philips,INTELLIVUE MP50,DE82061736
Philips,INTELLIVUE MP50,DE82061763
Philips,INTELLIVUE MP50,DE82061695
Philips,INTELLIVUE MP50,DE882061716
Philips,INTELLIVUE MP50,DE82099502
Philips,INTELLIVUE MP50,DE82099483
Philips,INTELLIVUE MP50,DE82061791
Philips,INTELLIVUE MP50,DE820A3726
Philips,INTELLIVUE MX40,3569208
Philips,INTELLIVUE MX40,3569221
Philips,INTELLIVUE MX40,3569227
Philips,INTELLIVUE MX40,2569230
Philips,INTELLIVUE MX40,3569212
Philips,M3002A,DE73608832
Philips,M3002A,DE83623218
Stryker,1061,2021005801196
Stryker,1061,2021005801198
Stryker,1061,109035466
Stryker,1061,2021005801199
Stryker,1061,2022005800690
Stryker,1061,2022005800345
Stryker,1061,2022005800343
Stryker,1061,2022005800691
Stryker,1061,2022005800344
Stryker,1061,2021005801197
Stryker,1115,2017006701271
Stryker,1115,2017006701256
Stryker,1115,2017006701268
Stryker,1115,2017006701273
Stryker,1115,2017006701253
Stryker,1115,2017006701272
Stryker,1115,2017006701266
Stryker,1115,2017006701259
Stryker,1115,2017006701254
Stryker,1115,2017006701257
Stryker,1115,2017006701267
THERMO SCIENTIFIC,SMARTVUE915,18175660D4C1
THERMO SCIENTIFIC,SMARTVUE915,18175660D4D3
THERMO SCIENTIFIC,SMARTVUE915,18175660CABF
THERMO SCIENTIFIC,SMARTVUE915,18355660D0LE
THERMO SCIENTIFIC,SMARTVUE915,18175660CB13
THERMO SCIENTIFIC,SMARTVUE915,18175660CABC
THERMO SCIENTIFIC,SMARTVUE915,181751606DFD
Unico,G380PL LED,G38L-20141208
Welch Allyn,FILAC3000,A2053244X
Welch Allyn,FILAC3000,A202057084X
Welch Allyn,FILAC3000,A2060906X
Welch Allyn,FILAC3000,A2066575X
Welch Allyn,FILAC3000,A2057370X
Welch Allyn,FILAC3000,A2055074X
Welch Allyn,FILAC3000,A2057912X
Welch Allyn,FILAC3000,A2057043X
Welch Allyn,FILAC3000,A1656130X
Welch Allyn,FILAC3000,A1661117X
Welch Allyn,FILAC3000,A1661082X
Welch Allyn,FILAC3000,A1661093X
Welch Allyn,FILAC3000,A1661114X
Welch Allyn,FILAC3000,A1656006X
Welch Allyn,FILAC3000,A1656212X
Welch Allyn,FILAC3000,A1451284X
Welch Allyn,FILAC3000,1863046X
Welch Allyn,FILAC3000,A2062842X
Welch Allyn,FILAC3000,A2060107X
Welch Allyn,FILAC3000,A2066567X
Welch Allyn,FILAC3000,A2057032X
Welch Allyn,FILAC3000,A206611345X
Welch Allyn,FILAC3000,A2066565X
Welch Allyn,FILAC3000,A2055919X
Welch Allyn,FILAC3000,A1257682
Welch Allyn,FILAC3000,A1155231X
Welch Allyn,FILAC3000,A1262471
Welch Allyn,FILAC3000,A1156405
Welch Allyn,FILAC3000,A1156388
Welch Allyn,FILAC3000,A1051223
Welch Allyn,SPOT VITAL SIGNS,201507871
Welch Allyn,SPOT VITAL SIGNS,200810466
Welch Allyn,SPOT VITAL SIGNS,201507902
Welch Allyn,SURETEMPPLUS,7432348
Welch Allyn,SURETEMPPLUS,(21) 23038261
Welch Allyn,SURETEMPPLUS,747969
Welch Allyn,SURETEMPPLUS,7445105
Welch Allyn,SURETEMPPLUS,24519376
Welch Allyn,SURETEMPPLUS,074321PO
ZOLL Medical,AEDPLUS,X22F478419
ZOLL Medical,AEDPLUS,X23L761535
ZOLL Medical,AEDPLUS,(21) X19G176549
ZOLL Medical,AEDPLUS,X22E470885
ZOLL Medical,AEDPLUS,X18E025923
ZOLL Medical,AEDPLUS,X25I944351
ZOLL Medical,AEDPLUS,X25I944935
ZOLL Medical,M SERIES,T09B109955
ZOLL Medical,M SERIES,T04G0718
ZOLL Medical,M SERIES,3T13D131852
ZOLL Medical,M SERIES,T15F135497
ZOLL Medical,M SERIES,T12L131022
ZOLL Medical,M SERIES,T09B109792
ZOLL Medical,M SERIES,T12B127729
ZOLL Medical,M SERIES,D16B136583
ZOLL Medical,M SERIES,T09K116484
ZOLL Medical,M SERIES,T03D45722
ZOLL Medical,M SERIES,T15B135017
ZOLL Medical,M SERIES,T11D124677
ZOLL Medical,M SERIES,t1k132871
ZOLL Medical,M SERIES,T08103497
ZOLL Medical,M SERIES,T14F133985
ZOLL Medical,M SERIES,T04F60157
ZOLL Medical,M SERIES,T098109977
ZOLL Medical,M SERIES,T0787302
ZOLL Medical,M SERIES,T14E133852
ZOLL Medical,M SERIES,T04H61597
ZOLL Medical,M SERIES,T16E136987
ZOLL Medical,M SERIES,T13D131863
ZOLL Medical,M SERIES,T04D57875
ZOLL Medical,M SERIES,T10G121505
ZOLL Medical,M SERIES,T04A54870
ZOLL Medical,M SERIES,T03G48599
ZOLL Medical,M SERIES,T13D131879
ZOLL Medical,M SERIES,T16B136570
ZOLL Medical,M SERIES,T12B127735
ZOLL Medical,RSERIES,AF23L173769
ZOLL Medical,RSERIES,AF23L173935
ZOLL Medical,RSERIES,AF25G186555
ZOLL Medical,RSERIES,AF25J188748
ZOLL Medical,RSERIES,AF23G169205
ZOLL Medical,RSERIES,AF24I180367
ZOLL Medical,RSERIES,AF23G169292
ZOLL Medical,RSERIES,AF23G169321
ZOLL Medical,RSERIES,AF24A174904
ZOLL Medical,RSERIES,AF24A174867
ZOLL Medical,RSERIES,AF24C175990
ZOLL Medical,RSERIES,AF24C175991
ZOLL Medical,RSERIES,AF19A091958
ZOLL Medical,RSERIES,AF23G169315
ZOLL Medical,RSERIES,AF24F178630
ZOLL Medical,RSERIES,AF24G179402
ZOLL Medical,RSERIES,AF24G179173
ZOLL Medical,RSERIES,AF24G178993
ZOLL Medical,RSERIES,AF24G179155
ZOLL Medical,RSERIES,AF24G179510
ZOLL Medical,RSERIES,AF24H179829
ZOLL Medical,RSERIES,AF24G179180
ZOLL Medical,RSERIES,AF24F178395
ZOLL Medical,RSERIES,AF24G179153
ZOLL Medical,RSERIES,AF24G179186
ZOLL Medical,RSERIES,AF24E178300
ZOLL Medical,RSERIES,AF24G179403
ZOLL Medical,RSERIES,AF24G179158
ZOLL Medical,RSERIES,AF25L189983
ZOLL Medical,RSERIES,AF23G169217
ZOLL Medical,R Series Plus,AF11L019703
ZOLL Medical,X Series,AR13L006530
ZOLL Medical,Propaq Md,AI10L000824
ZOLL Medical,R Series ALS,AF16L061223
ZOLL Medical,R Series ALS,AF17D065076
ZOLL Medical,R Series ALS,AF17D065023
ZOLL Medical,R Series ALS,AF17D065078
ZOLL Medical,R Series ALS,AF17D065063
ZOLL Medical,R Series ALS,AV17D064978
ZOLL Medical,R Series ALS,AF17D065082
ZOLL Medical,R Series ALS,AF17D065057
ZOLL Medical,R Series ALS,AF17D065077
ZOLL Medical,R Series ALS,AF17D065075
ZOLL Medical,R Series ALS,AF17D064998
ZOLL Medical,R Series ALS,AF17D065062
ZOLL Medical,R Series,AF17D065064
ZOLL Medical,R Series ALS,AF16C054998
ZOLL Medical,R Series ALS,AF16D055364
ZOLL Medical,R Series ALS,AF16D055704
ZOLL Medical,R Series ALS,AF16H058404
ZOLL Medical,R Series ALS,AF16H057957
ZOLL Medical,R Series ALS,AF16H058410
ZOLL Medical,R Series ALS,AF16H058183
ZOLL Medical,Propaq Md,AI10L000796
ZOLL Medical,Propaq Md,AI10L000816
ZOLL Medical,Propaq Md,AI10L000819
ZOLL Medical,X Series,AR18G033409
ZOLL Medical,X Series,AR21A054264
ZOLL Medical,X Series,AR22L073058
ZOLL Medical,X Series,AR20A045649
ZOLL Medical,Propaq Md,AI11F001156
ZOLL Medical,X Series,AR20C047049
ZOLL Medical,X Series,AR20B046467
ZOLL Medical,X Series,AR20A045327
ZOLL Medical,Propaq Md,ai15c003871
ZOLL Medical,X Series,AR18C030657
ZOLL Medical,X Series,AR20C047039
ZOLL Medical,X Series,AR17B023487
ZOLL Medical,X Series,AR25C090387
ZOLL Medical,X Series,AR22E067679
ZOLL Medical,R Series ALS,AF19B092952
ZOLL Medical,R Series ALS,AF19B092950
ZOLL Medical,R Series ALS,AF19B092199
ZOLL Medical,R Series ALS,AF19B092935
ZOLL Medical,R Series ALS,AF19B092455
ZOLL Medical,R Series ALS,AF19B092465
ZOLL Medical,R Series ALS,AF19B092949
ZOLL Medical,R Series ALS,AF19B092928
ZOLL Medical,R Series ALS,AF19B092207
ZOLL Medical,R Series ALS,AF19B092946
ZOLL Medical,R Series ALS,AF19B092943
ZOLL Medical,R Series ALS,AF19B092936
ZOLL Medical,R Series ALS,AF19B092428
ZOLL Medical,R Series ALS,AF19B092467
ZOLL Medical,R Series ALS,AF19B092223
ZOLL Medical,R Series ALS,AF19B092456
ZOLL Medical,R Series ALS,AF19B092482
ZOLL Medical,R Series ALS,AF19B092446
ZOLL Medical,R Series ALS,AF18L089149
ZOLL Medical,R Series ALS,AF19F099133
ZOLL Medical,R Series ALS,AF19F099132
ZOLL Medical,R Series ALS,AF19F099189
ZOLL Medical,R Series ALS,AF19F099267
ZOLL Medical,R Series ALS,AF19F099254
ZOLL Medical,R Series ALS,AF19D096889
ZOLL Medical,R Series ALS,AF19E096912
ZOLL Medical,R Series ALS,AF19F099305
ZOLL Medical,R Series ALS,AF19F099263
ZOLL Medical,R Series ALS,AF19F099134
ZOLL Medical,R Series ALS,AF19F099298
GE HEALTHCARE,APEX PRO CH,RTS14024388GA
GE HEALTHCARE,APEX PRO CH,RTS14104454GA
GE HEALTHCARE,APEX PRO CH,RTS14104453GA
GE HEALTHCARE,APEX PRO CH,RTS14104456GA
GE HEALTHCARE,APEX PRO CH,RT908362478GA
GE HEALTHCARE,APEX PRO CH,RTS14104450GA
GE HEALTHCARE,APEX PRO CH,RT914166339GA
GE HEALTHCARE,APEX PRO CH,RT914166315GA
GE HEALTHCARE,APEX PRO CH,RT914166362GA
GE HEALTHCARE,APEX PRO CH,RT914166321GA
GE HEALTHCARE,APEX PRO CH,RT916162191SA
GE HEALTHCARE,APEX PRO CH,RT914166380GA
GE HEALTHCARE,APEX PRO CH,RT914166373GA
GE HEALTHCARE,APEX PRO CH,RT914166320GA
GE HEALTHCARE,APEX PRO CH,RT914166336GA
GE HEALTHCARE,APEX PRO CH,RT914166372GA
GE HEALTHCARE,APEX PRO CH,RT914126176GA
GE HEALTHCARE,APEX PRO CH,RT914166337GA
GE HEALTHCARE,APEX PRO CH,RT914126178GA
GE HEALTHCARE,APEX PRO CH,RT916059906GA
ARJO INC.,FLOWTRON,2100053978
ARJO INC.,FLOWTRON,2100054510
ARJO INC.,FLOWTRON,2100067774
ARJO INC.,FLOWTRON,2100054523
ARJO INC.,FLOWTRON,2100054001
ARJO INC.,FLOWTRON,2100054283
ARJO INC.,FLOWTRON,2100054494
ARJO INC.,FLOWTRON,2100054522
ARJO INC.,FLOWTRON,2100054527
ARJO INC.,FLOWTRON,2100064600
ARJO INC.,FLOWTRON,2100064601
ARJO INC.,FLOWTRON,2100053935
ARJO INC.,FLOWTRON,2100053984
ARJO INC.,FLOWTRON,2100053991
ARJO INC.,FLOWTRON,2100064603
ARJO INC.,FLOWTRON,2100053980
ARJO INC.,FLOWTRON,2100053932
ARJO INC.,FLOWTRON,2100053928
ARJO INC.,FLOWTRON,2100054542
ARJO INC.,FLOWTRON,2100054511
GE HEALTHCARE,PATIENT DATA MODULE (PDM),SA315208552GA
GE HEALTHCARE,PATIENT DATA MODULE (PDM),SA315219009
GE HEALTHCARE,PATIENT DATA MODULE (PDM),SA315219102GA
GE HEALTHCARE,PATIENT DATA MODULE (PDM),SA314358024GA
GE HEALTHCARE,PATIENT DATA MODULE (PDM),SA312152525GA
GE HEALTHCARE,PATIENT DATA MODULE (PDM),SA315219007GA
GE HEALTHCARE,PATIENT DATA MODULE (PDM),SA310518384GR
GE HEALTHCARE,PATIENT DATA MODULE (PDM),SA315070015GA
GE HEALTHCARE,PATIENT DATA MODULE (PDM),SA310518261GR
GE HEALTHCARE,PATIENT DATA MODULE (PDM),SA310496411GR
GE HEALTHCARE,PATIENT DATA MODULE (PDM),SA313230274GR
GE HEALTHCARE,PATIENT DATA MODULE (PDM),SA312132106GR
GE HEALTHCARE,PATIENT DATA MODULE (PDM),SA3132300157GR
GE HEALTHCARE,PATIENT DATA MODULE (PDM),SA315281904GA
GE HEALTHCARE,PATIENT DATA MODULE (PDM),SA315079992GA
GE HEALTHCARE,PATIENT DATA MODULE (PDM),SA310507316GR
GE HEALTHCARE,PATIENT DATA MODULE (PDM),SA313230430GR
GE HEALTHCARE,PATIENT DATA MODULE (PDM),SA309517777GR
GE HEALTHCARE,PATIENT DATA MODULE (PDM),SA313230464GR
GE HEALTHCARE,PATIENT DATA MODULE (PDM),SPX18510114SA
GE HEALTHCARE,PATIENT DATA MODULE (PDM),SA308511468GR
GE HEALTHCARE,PATIENT DATA MODULE (PDM),SA313230676GR
GE HEALTHCARE,PATIENT DATA MODULE (PDM),SA313219052GR
GE HEALTHCARE,PATIENT DATA MODULE (PDM),SA311069819GR
GE HEALTHCARE,PATIENT DATA MODULE (PDM),SPX18510041SA
GE HEALTHCARE,PATIENT DATA MODULE (PDM),SA315281909GA
GE HEALTHCARE,PATIENT DATA MODULE (PDM),SA313230457GR
GE HEALTHCARE,PATIENT DATA MODULE (PDM),SA310496410GR
GE HEALTHCARE,PATIENT DATA MODULE (PDM),SA314326586GA
GE HEALTHCARE,PATIENT DATA MODULE (PDM),SA318200468SA
GE HEALTHCARE,PATIENT DATA MODULE (PDM),SA313230453GR
GE HEALTHCARE,PATIENT DATA MODULE (PDM),SA315070003GA
GE HEALTHCARE,PATIENT DATA MODULE (PDM),SA315079984GA
GE HEALTHCARE,PATIENT DATA MODULE (PDM),SA315070002GA
GE HEALTHCARE,PATIENT DATA MODULE (PDM),SA315079980GA
GE HEALTHCARE,PATIENT DATA MODULE (PDM),SA310465295GR
GE HEALTHCARE,PATIENT DATA MODULE (PDM),SA313106097GR
GE HEALTHCARE,PATIENT DATA MODULE (PDM),SA313127233GR
GE HEALTHCARE,PATIENT DATA MODULE (PDM),SA318360435SA
GE HEALTHCARE,PATIENT DATA MODULE (PDM),SA315079977GA
GE HEALTHCARE,PATIENT DATA MODULE (PDM),SA315079989GA
GE HEALTHCARE,PATIENT DATA MODULE (PDM),SA315058576GA
GE HEALTHCARE,PATIENT DATA MODULE (PDM),SA313230456GR
GE HEALTHCARE,PATIENT DATA MODULE (PDM),SA313230407GR
GE HEALTHCARE,PATIENT DATA MODULE (PDM),SA315079799GA
GE HEALTHCARE,PATIENT DATA MODULE (PDM),SA311184365GR
GE HEALTHCARE,PATIENT DATA MODULE (PDM),SPX18500865SA
GE HEALTHCARE,PATIENT DATA MODULE (PDM),SA312152311GR
HILL ROM,P1440,P216ME5983
HILL ROM,P1440,P216ME5974
HILL ROM,P1440,P216ME5972
HILL ROM,P1440,P09AME5255
HILL ROM,P1440,P164ME5640
HILL ROM,P1440,P216ME5982
HILL ROM,P1440,P216ME5981
HILL ROM,P1440,P217ME5992
HILL ROM,P1440,P216ME5980
HILL ROM,P1440,P2164E5977
HILL ROM,P1440,Q139ME8104
HILL ROM,P1440,Q139ME8102
HILL ROM,P1440,Q125ME8074
HILL ROM,P1440,Q126ME8091
HILL ROM,P1440,Q126ME8089
HILL ROM,P1440,Q126ME8092
HILL ROM,P1440,Q120ME8059
HILL ROM,P1440,Q126ME8088
HILL ROM,P1440,Q139ME8099
HILL ROM,P1440,Q120ME8057
HILL ROM,P1440,Q120ME8058
HILL ROM,P1440,Q125ME8078
HILL ROM,P1440,Q141ME8112
HILL ROM,P1440,Q139ME8103
HILL ROM,P1440,Q139ME8100
HILL ROM,P1440,Q139ME8105
HILL ROM,P1440,M171ME6632
HILL ROM,P1440,Q141ME8115
HILL ROM,P1440,Q125ME8022
HILL ROM,P1440,Q125ME8076
HILL ROM,P1440,0139ME8098
HILL ROM,P1440,Q145ME8148
HILL ROM,P3200,J121AD6108
HILL ROM,P3200,J303AD1205
HILL ROM,P3200,J304AD1213
HILL ROM,P3200,I288AD1837
HILL ROM,P3200,J121AD6107
HILL ROM,P3200,J304AD1237
HILL ROM,P3200,I288AD1864
HILL ROM,P3200,J140AD7282
HILL ROM,P3200,J304AD1225
HILL ROM,P3200,J129AD6633
HILL ROM,P3200,J303AD1201
HILL ROM,P3200,J128AD6593
HILL ROM,P3200,J304AD1247
HILL ROM,P3200,H195AD1457
HILL ROM,P3200,J141AD7277
HILL ROM,P3200,J128AD6595
HILL ROM,P3200,J312AD1963
HILL ROM,P3200,J148AD7733
HILL ROM,P3200,J128AD6617
HILL ROM,P3200,J121AD6110
HILL ROM,P3200,J304AD1215
HILL ROM,CENTURYP1400,L070HE0786
HILL ROM,CENTURYP1400,103AG0982
HILL ROM,CENTURYP1400,G192AG4641
HILL ROM,CENTURYP1400,L070HE0791
HILL ROM,CENTURYP1400,1039AG1009
HILL ROM,CENTURYP1400,L230HE3537
HILL ROM,CENTURYP1400,B334AG6731
HILL ROM,CENTURYP1400,B333AG6698
HILL ROM,CENTURYP1400,B333AG6701
HILL ROM,CENTURYP1400,B333AG6703
HILL ROM,CENTURYP1400,B334AG6725
HILL ROM,CENTURYP1400,B334AG6738
HILL ROM,CENTURYP1400,B334AG6737
HILL ROM,CENTURYP1400,B332AG6683
HILL ROM,CENTURYP1400,B334AG6727
HILL ROM,CENTURYP1400,B334AG6740
HILL ROM,CENTURYP1400,B333AG6695
HILL ROM,CENTURYP1400,B334AG6735
HILL ROM,CENTURYP1400,B333AG6797
HILL ROM,CENTURYP1400,B332AG6681
HILL ROM,CENTURYP1400,B333AG6699
HILL ROM,CENTURYP1400,B333AG6700
HILL ROM,CENTURYP1400,B333AG6706
HILL ROM,CENTURYP1400,B333AG6708
HILL ROM,CENTURYP1400,N177ME1533
HILL ROM,CENTURYP1400,B332AG6677
HILL ROM,CENTURYP1400,N177ME1539
BAXTER HEALTHCARE CORP.,SPECTRUM IQ,3757686
BAXTER HEALTHCARE CORP.,SPECTRUM IQ,3757504
BAXTER HEALTHCARE CORP.,SPECTRUM IQ,3757280
BAXTER HEALTHCARE CORP.,SPECTRUM IQ,3757194
BAXTER HEALTHCARE CORP.,SPECTRUM IQ,3757377
BAXTER HEALTHCARE CORP.,SPECTRUM IQ,3827871
BAXTER HEALTHCARE CORP.,SPECTRUM IQ,3828391
BAXTER HEALTHCARE CORP.,SPECTRUM IQ,3816037
BAXTER HEALTHCARE CORP.,SPECTRUM IQ,3828200
BAXTER HEALTHCARE CORP.,SPECTRUM IQ,3822726
BAXTER HEALTHCARE CORP.,SPECTRUM IQ,3831807
BAXTER HEALTHCARE CORP.,SPECTRUM IQ,3830586
BAXTER HEALTHCARE CORP.,SPECTRUM IQ,3831239
BAXTER HEALTHCARE CORP.,SPECTRUM IQ,3782633
BAXTER HEALTHCARE CORP.,SPECTRUM IQ,3830354
BAXTER HEALTHCARE CORP.,SPECTRUM IQ,3825223
BAXTER HEALTHCARE CORP.,SPECTRUM IQ,3825288
BAXTER HEALTHCARE CORP.,SPECTRUM IQ,3785541
BAXTER HEALTHCARE CORP.,SPECTRUM IQ,3825471
BAXTER HEALTHCARE CORP.,SPECTRUM IQ,3785793
BAXTER HEALTHCARE CORP.,SPECTRUM IQ,3825020
BAXTER HEALTHCARE CORP.,SPECTRUM IQ,3823921
BAXTER HEALTHCARE CORP.,SPECTRUM IQ,3823577
BAXTER HEALTHCARE CORP.,SPECTRUM IQ,3805055
BAXTER HEALTHCARE CORP.,SPECTRUM IQ,3826615
BAXTER HEALTHCARE CORP.,SPECTRUM IQ,3826190
BAXTER HEALTHCARE CORP.,SPECTRUM IQ,3826314
BAXTER HEALTHCARE CORP.,SPECTRUM IQ,3826273
BAXTER HEALTHCARE CORP.,SPECTRUM IQ,3827365
BAXTER HEALTHCARE CORP.,SPECTRUM IQ,3827207
BAXTER HEALTHCARE CORP.,SPECTRUM IQ,3827402
BAXTER HEALTHCARE CORP.,SPECTRUM IQ,3817236
BAXTER HEALTHCARE CORP.,SPECTRUM IQ,3827856
BAXTER HEALTHCARE CORP.,SPECTRUM IQ,3827685
BAXTER HEALTHCARE CORP.,SPECTRUM IQ,3827744
BAXTER HEALTHCARE CORP.,SPECTRUM IQ,3827658
BAXTER HEALTHCARE CORP.,SPECTRUM IQ,3827902
BAXTER HEALTHCARE CORP.,SPECTRUM IQ,3827796
PHILIPS,MX500,DE671R3701
PHILIPS,MX500,DE671R3663
PHILIPS,MX500,DE671R3664
PHILIPS,MX500,DE671R3705
PHILIPS,MX500,DE671R3760
PHILIPS,MX500,DE671R3685
PHILIPS,MX500,DE671R3691
PHILIPS,MX500,DE351B7530
PHILIPS,MX500,DE671T5134
PHILIPS,MX500,DE671T5131
PHILIPS,MX500,DE671T4113
PHILIPS,MX500,DE671T5132
PHILIPS,MX500,DE671T5133
PHILIPS,MX500,DE7770D7J2